<?xml version="1.0" encoding="UTF-8"?>
<metadata xml:lang="en"><Esri><CreaDate>20210208</CreaDate><CreaTime>18170100</CreaTime><ArcGISFormat>1.0</ArcGISFormat><SyncOnce>FALSE</SyncOnce><DataProperties><lineage><Process ToolSource="c:\arcgis\desktop10.6\ArcToolbox\Toolboxes\Conversion Tools.tbx\RasterToPolygon" Date="20190924" Time="105922">RasterToPolygon z90_0k.tif D:\Data\LANDFIRE\IA\dems\Bulk_Order_1038787\test\pr_usvi\z90_0k.shp NO_SIMPLIFY Value SINGLE_OUTER_PART #</Process><Process ToolSource="c:\arcgis\desktop10.6\ArcToolbox\Toolboxes\Data Management Tools.tbx\MultipartToSinglepart" Date="20210204" Time="100704">MultipartToSinglepart M:\Remap\IA\z90\base\z90_0k.shp L:\Landfire_Processing_JH_RT\IA_SpatialMetadata_polygons_tests\New_IA_0k_shapes_02042021\IAz90_SPATPLYGN.shp</Process><Process ToolSource="c:\arcgis\desktop10.7\ArcToolbox\Toolboxes\Data Management Tools.tbx\AddField" Date="20220624" Time="225503">AddField Z:\Distribution\Tile_and_Boundaries_DRAFT\Tiles_and_Boundaries\Spatial_Metadata_Master\IA\IAz90_0k.shp idd Integer 6 # 6 # NULLABLE NON_REQUIRED #</Process><Process ToolSource="c:\arcgis\desktop10.7\ArcToolbox\Toolboxes\Data Management Tools.tbx\CalculateField" Date="20220624" Time="225503">CalculateField Z:\Distribution\Tile_and_Boundaries_DRAFT\Tiles_and_Boundaries\Spatial_Metadata_Master\IA\IAz90_0k.shp idd !Id! PYTHON #</Process><Process ToolSource="c:\arcgis\desktop10.7\ArcToolbox\Toolboxes\Data Management Tools.tbx\DeleteField" Date="20220624" Time="225503">DeleteField Z:\Distribution\Tile_and_Boundaries_DRAFT\Tiles_and_Boundaries\Spatial_Metadata_Master\IA\IAz90_0k.shp Id</Process><Process ToolSource="c:\arcgis\desktop10.7\ArcToolbox\Toolboxes\Data Management Tools.tbx\AddField" Date="20220624" Time="225503">AddField Z:\Distribution\Tile_and_Boundaries_DRAFT\Tiles_and_Boundaries\Spatial_Metadata_Master\IA\IAz90_0k.shp ID Integer # # 6 # NULLABLE NON_REQUIRED #</Process><Process ToolSource="c:\arcgis\desktop10.7\ArcToolbox\Toolboxes\Data Management Tools.tbx\CalculateField" Date="20220624" Time="225504">CalculateField Z:\Distribution\Tile_and_Boundaries_DRAFT\Tiles_and_Boundaries\Spatial_Metadata_Master\IA\IAz90_0k.shp ID !idd! PYTHON #</Process><Process ToolSource="c:\arcgis\desktop10.7\ArcToolbox\Toolboxes\Data Management Tools.tbx\DeleteField" Date="20220624" Time="225504">DeleteField Z:\Distribution\Tile_and_Boundaries_DRAFT\Tiles_and_Boundaries\Spatial_Metadata_Master\IA\IAz90_0k.shp idd</Process><Process ToolSource="c:\arcgis\desktop10.7\ArcToolbox\Toolboxes\Data Management Tools.tbx\AddField" Date="20220624" Time="225504">AddField Z:\Distribution\Tile_and_Boundaries_DRAFT\Tiles_and_Boundaries\Spatial_Metadata_Master\IA\IAz90_0k.shp N1 Integer 10 # 10 # NULLABLE NON_REQUIRED #</Process><Process ToolSource="c:\arcgis\desktop10.7\ArcToolbox\Toolboxes\Data Management Tools.tbx\CalculateField" Date="20220624" Time="225504">CalculateField Z:\Distribution\Tile_and_Boundaries_DRAFT\Tiles_and_Boundaries\Spatial_Metadata_Master\IA\IAz90_0k.shp N1 !ORIG_FID! PYTHON #</Process><Process ToolSource="c:\arcgis\desktop10.7\ArcToolbox\Toolboxes\Data Management Tools.tbx\DeleteField" Date="20220624" Time="225504">DeleteField Z:\Distribution\Tile_and_Boundaries_DRAFT\Tiles_and_Boundaries\Spatial_Metadata_Master\IA\IAz90_0k.shp ORIG_FID</Process><Process ToolSource="c:\arcgis\desktop10.7\ArcToolbox\Toolboxes\Data Management Tools.tbx\AddField" Date="20220624" Time="225505">AddField Z:\Distribution\Tile_and_Boundaries_DRAFT\Tiles_and_Boundaries\Spatial_Metadata_Master\IA\IAz90_0k.shp ORIG_FID Integer # # 10 # NULLABLE NON_REQUIRED #</Process><Process ToolSource="c:\arcgis\desktop10.7\ArcToolbox\Toolboxes\Data Management Tools.tbx\CalculateField" Date="20220624" Time="225505">CalculateField Z:\Distribution\Tile_and_Boundaries_DRAFT\Tiles_and_Boundaries\Spatial_Metadata_Master\IA\IAz90_0k.shp ORIG_FID !N1! PYTHON #</Process><Process ToolSource="c:\arcgis\desktop10.7\ArcToolbox\Toolboxes\Data Management Tools.tbx\DeleteField" Date="20220624" Time="225505">DeleteField Z:\Distribution\Tile_and_Boundaries_DRAFT\Tiles_and_Boundaries\Spatial_Metadata_Master\IA\IAz90_0k.shp N1</Process><Process ToolSource="c:\arcgis\desktop10.7\ArcToolbox\Toolboxes\Data Management Tools.tbx\CalculateField" Date="20220711" Time="154441">CalculateField IAz90_0k ID 1 VB #</Process><Process ToolSource="c:\arcgis\pro\Resources\ArcToolbox\toolboxes\Data Management Tools.tbx\CopyFeatures" Date="20240117" Time="220922">CopyFeatures Z:\LF_Master\Tiles_and_Boundaries\Spatial_Metadata_Master\IA\z90_prvi_0k.shp Z:\Distribution\Mosaic_Products\Release_LDist_20240131\IA_240_Disturbance\LF2023_PRVI_240_IA\LF2023_LDist_240_PRVI\Spatial_Metadata\z90_prvi_0k.shp # # # #</Process></lineage><itemProps><itemLocation><linkage Sync="TRUE">file://\\IGSKMNCNFS016.gs.doi.net\landfirefs1\Landfire\Distribution\Mosaic_Products\Release_LDist_20240131\IA_240_Disturbance\LF2023_PRVI_240_IA\LF2023_LDist_240_PRVI\Spatial_Metadata\z90_prvi_0k.shp</linkage><protocol Sync="TRUE">Local Area Network</protocol></itemLocation><itemName Sync="TRUE">z90_prvi_0k</itemName><imsContentType Sync="TRUE">002</imsContentType><itemSize Sync="TRUE">0.000</itemSize></itemProps><copyHistory><copy source="L:\Landfire_Processing_JH_RT\Polygons\IAz90_SPATPLYGN" dest="\\gs.doi.net\siouxfallssd-n\science\firesnfs1\Landfire\Distribution\Landfire_Processing_JH_RT\Polygons\Spatial_Metadata_Master\IA\IAz90_SPATPLYGN" date="20210208" time="18170100"></copy></copyHistory><coordRef><type Sync="TRUE">Projected</type><geogcsn Sync="TRUE">GCS_North_American_1983</geogcsn><csUnits Sync="TRUE">Linear Unit: Meter (1.000000)</csUnits><projcsn Sync="TRUE">NAD_1983_Contiguous_USA_Albers</projcsn><peXml Sync="TRUE">&lt;ProjectedCoordinateSystem xsi:type='typens:ProjectedCoordinateSystem' xmlns:xsi='http://www.w3.org/2001/XMLSchema-instance' xmlns:xs='http://www.w3.org/2001/XMLSchema' xmlns:typens='http://www.esri.com/schemas/ArcGIS/3.1.0'&gt;&lt;WKT&gt;PROJCS[&amp;quot;NAD_1983_Contiguous_USA_Albers&amp;quot;,GEOGCS[&amp;quot;GCS_North_American_1983&amp;quot;,DATUM[&amp;quot;D_North_American_1983&amp;quot;,SPHEROID[&amp;quot;GRS_1980&amp;quot;,6378137.0,298.257222101]],PRIMEM[&amp;quot;Greenwich&amp;quot;,0.0],UNIT[&amp;quot;Degree&amp;quot;,0.0174532925199433]],PROJECTION[&amp;quot;Albers&amp;quot;],PARAMETER[&amp;quot;False_Easting&amp;quot;,0.0],PARAMETER[&amp;quot;False_Northing&amp;quot;,0.0],PARAMETER[&amp;quot;Central_Meridian&amp;quot;,-96.0],PARAMETER[&amp;quot;Standard_Parallel_1&amp;quot;,29.5],PARAMETER[&amp;quot;Standard_Parallel_2&amp;quot;,45.5],PARAMETER[&amp;quot;Latitude_Of_Origin&amp;quot;,23.0],UNIT[&amp;quot;Meter&amp;quot;,1.0],AUTHORITY[&amp;quot;EPSG&amp;quot;,5070]]&lt;/WKT&gt;&lt;XOrigin&gt;-16901100&lt;/XOrigin&gt;&lt;YOrigin&gt;-6972200&lt;/YOrigin&gt;&lt;XYScale&gt;266467840.99085236&lt;/XYScale&gt;&lt;ZOrigin&gt;-100000&lt;/ZOrigin&gt;&lt;ZScale&gt;10000&lt;/ZScale&gt;&lt;MOrigin&gt;-100000&lt;/MOrigin&gt;&lt;MScale&gt;10000&lt;/MScale&gt;&lt;XYTolerance&gt;0.001&lt;/XYTolerance&gt;&lt;ZTolerance&gt;0.001&lt;/ZTolerance&gt;&lt;MTolerance&gt;0.001&lt;/MTolerance&gt;&lt;HighPrecision&gt;true&lt;/HighPrecision&gt;&lt;WKID&gt;5070&lt;/WKID&gt;&lt;LatestWKID&gt;5070&lt;/LatestWKID&gt;&lt;/ProjectedCoordinateSystem&gt;</peXml></coordRef></DataProperties><SyncDate>20240117</SyncDate><SyncTime>22092100</SyncTime><ModDate>20240117</ModDate><ModTime>22092100</ModTime></Esri><dataIdInfo><envirDesc Sync="TRUE">Microsoft Windows 10 Version 10.0 (Build 19045) ; Esri ArcGIS 13.1.2.41833</envirDesc><dataLang><languageCode value="eng" Sync="TRUE"></languageCode><countryCode value="USA" Sync="TRUE"></countryCode></dataLang><idCitation><resTitle Sync="TRUE">z90_prvi_0k</resTitle><presForm><PresFormCd value="005" Sync="TRUE"></PresFormCd></presForm></idCitation><spatRpType><SpatRepTypCd value="001" Sync="TRUE"></SpatRepTypCd></spatRpType></dataIdInfo><mdLang><languageCode value="eng" Sync="TRUE"></languageCode><countryCode value="USA" Sync="TRUE"></countryCode></mdLang><mdChar><CharSetCd value="004" Sync="TRUE"></CharSetCd></mdChar><distInfo><distFormat><formatName Sync="TRUE">Shapefile</formatName></distFormat><distTranOps><transSize Sync="TRUE">0.000</transSize></distTranOps></distInfo><mdHrLv><ScopeCd value="005" Sync="TRUE"></ScopeCd></mdHrLv><mdHrLvName Sync="TRUE">dataset</mdHrLvName><refSysInfo><RefSystem><refSysID><identCode code="5070" Sync="TRUE"></identCode><idCodeSpace Sync="TRUE">EPSG</idCodeSpace><idVersion Sync="TRUE">7.4.6(10.1.0)</idVersion></refSysID></RefSystem></refSysInfo><spatRepInfo><VectSpatRep><geometObjs Name="z90_prvi_0k"><geoObjTyp><GeoObjTypCd value="002" Sync="TRUE"></GeoObjTypCd></geoObjTyp><geoObjCnt Sync="TRUE">0</geoObjCnt></geometObjs><topLvl><TopoLevCd value="001" Sync="TRUE"></TopoLevCd></topLvl></VectSpatRep></spatRepInfo><spdoinfo><ptvctinf><esriterm Name="z90_prvi_0k"><efeatyp Sync="TRUE">Simple</efeatyp><efeageom code="4" Sync="TRUE"></efeageom><esritopo Sync="TRUE">FALSE</esritopo><efeacnt Sync="TRUE">0</efeacnt><spindex Sync="TRUE">FALSE</spindex><linrefer Sync="TRUE">FALSE</linrefer></esriterm></ptvctinf></spdoinfo><eainfo><detailed Name="z90_prvi_0k"><enttyp><enttypl Sync="TRUE">z90_prvi_0k</enttypl><enttypt Sync="TRUE">Feature Class</enttypt><enttypc Sync="TRUE">0</enttypc></enttyp><attr><attrlabl Sync="TRUE">FID</attrlabl><attalias Sync="TRUE">FID</attalias><attrtype Sync="TRUE">OID</attrtype><attwidth Sync="TRUE">4</attwidth><atprecis Sync="TRUE">0</atprecis><attscale Sync="TRUE">0</attscale><attrdef Sync="TRUE">Internal feature number.</attrdef><attrdefs Sync="TRUE">Esri</attrdefs><attrdomv><udom Sync="TRUE">Sequential unique whole numbers that are automatically generated.</udom></attrdomv></attr><attr><attrlabl Sync="TRUE">Shape</attrlabl><attalias Sync="TRUE">Shape</attalias><attrtype Sync="TRUE">Geometry</attrtype><attwidth Sync="TRUE">0</attwidth><atprecis Sync="TRUE">0</atprecis><attscale Sync="TRUE">0</attscale><attrdef Sync="TRUE">Feature geometry.</attrdef><attrdefs Sync="TRUE">Esri</attrdefs><attrdomv><udom Sync="TRUE">Coordinates defining the features.</udom></attrdomv></attr><attr><attrlabl Sync="TRUE">Id</attrlabl><attalias Sync="TRUE">ID</attalias><attrtype Sync="TRUE">Integer</attrtype><attwidth Sync="TRUE">10</attwidth><atprecis Sync="TRUE">10</atprecis><attscale Sync="TRUE">0</attscale></attr></detailed></eainfo><mdDateSt Sync="TRUE">20240117</mdDateSt></metadata>
