<?xml version="1.0" encoding="UTF-8"?>
<metadata xml:lang="en"><Esri><CreaDate>20240119</CreaDate><CreaTime>20481800</CreaTime><ArcGISFormat>1.0</ArcGISFormat><SyncOnce>TRUE</SyncOnce><DataProperties><lineage><Process ToolSource="c:\arcgis\pro\Resources\ArcToolbox\toolboxes\Spatial Analyst Tools.tbx\Reclassify" Date="20240117" Time="221845">Reclassify Z:\Distribution\Mosaic_Products\Release_LDist_20240131\IA_240_Disturbance\LF2023_PRVI_240_IA\LF2023_LDist_240_PRVI\Tif\LV23_LDist_240.tif Value "32767 -9999" Z:\Distribution\Mosaic_Products\Release_LDist_20240131\IA_240_Disturbance\LF2023_PRVI_240_IA\LF2023_LDist_240_PRVI\LV23_LDist_240.tif DATA</Process><Process ToolSource="c:\arcgis\pro\Resources\ArcToolbox\toolboxes\Data Management Tools.tbx\JoinField" Date="20240118" Time="090106">JoinField X:\Distribution\Mosaic_Products\Release_LDist_20240131\IA_240_Disturbance\LF2023_PRVI_240_IA\LF2023_LDist_240_PRVI\LV23_LDist_240.tif Value X:\LF_Master\LF2023_240\auxiliary\dbf\LF23_LDist_240_20231227.dbf VALUE DIST_YEAR;DIST_TYPE;TYPE_CONFI;SEVERITY;SEV_SOURCE;SEV_CONFID;SOURCE1;SOURCE2;SOURCE3;SOURCE4;DESCRIPTIO;R;G;B;RED;GREEN;BLUE "Select transfer fields" #</Process><Process ToolSource="c:\arcgis\pro\Resources\ArcToolbox\toolboxes\Data Management Tools.tbx\Copy" Date="20240119" Time="204818">Copy Z:\Distribution\Mosaic_Products\Release_LDist_20240131\IA_240_Disturbance\LF2023_PRVI_240_IA\LF2023_LDist_240_PRVI\LV23_LDist_240.tif Z:\Distribution\Mosaic_Products\Release_LDist_20240131\IA_240_Disturbance\LF2023_PRVI_240_IA\LF2023_LDist_240_PRVI\Tif\LV23_LDist_240.tif "Raster Dataset" #</Process><Process ToolSource="c:\arcgis\pro\Resources\ArcToolbox\toolboxes\Data Management Tools.tbx\BuildPyramids" Date="20240119" Time="210556">BuildPyramids Z:\Distribution\Mosaic_Products\Release_LDist_20240131\IA_240_Disturbance\LF2023_PRVI_240_IA\LF2023_LDist_240_PRVI\Tif\LV23_LDist_240.tif -1 NONE Nearest DEFAULT 75 SKIP_EXISTING</Process><Process ToolSource="c:\arcgis\pro\Resources\ArcToolbox\toolboxes\Data Management Tools.tbx\BuildPyramids" Date="20240119" Time="213653">BuildPyramids Z:\Distribution\Mosaic_Products\Release_LDist_20240131\IA_240_Disturbance\LF2023_PRVI_240_IA\LF2023_LDist_240_PRVI\Tif\LV23_LDist_240.tif -1 NONE Nearest DEFAULT 75 SKIP_EXISTING</Process></lineage><itemProps><itemLocation><linkage Sync="TRUE">file://\\IGSKMNCNFS016.gs.doi.net\landfirefs1\Landfire\Distribution\Mosaic_Products\Release_LDist_20240131\IA_240_Disturbance\LF2023_PRVI_240_IA\LF2023_LDist_240_PRVI\Tif\LV23_LDist_240.tif</linkage><protocol Sync="TRUE">Local Area Network</protocol></itemLocation></itemProps><copyHistory><copy source="Z:\Distribution\Mosaic_Products\Release_LDist_20240131\IA_240_Disturbance\LF2023_PRVI_240_IA\LF2023_LDist_240_PRVI\LV23_LDist_240.tif" dest="\\IGSKMNCNFS016.gs.doi.net\landfirefs1\Landfire\Distribution\Mosaic_Products\Release_LDist_20240131\IA_240_Disturbance\LF2023_PRVI_240_IA\LF2023_LDist_240_PRVI\Tif\LV23_LDist_240.tif" date="20240119" time="20481800"></copy></copyHistory><LayerFile>{"type":"CIMLayerDocument","version":"3.1.0","build":41833,"layers":["CIMPATH=map7/lv23_ldist_240_tif2.json"],"layerDefinitions":[{"type":"CIMRasterLayer","name":"LV23_LDist_240.tif","uRI":"CIMPATH=map7/lv23_ldist_240_tif2.json","sourceModifiedTime":{"type":"TimeInstant"},"useSourceMetadata":true,"description":"LV23_LDist_240.tif","layerElevation":{"type":"CIMLayerElevationSurface","elevationSurfaceLayerURI":"CIMPATH=Map7/88f2086c360042cdaec372213e63d3b7.json"},"expanded":true,"layerType":"Operational","showLegends":true,"visibility":true,"displayCacheType":"Permanent","maxDisplayCacheAge":5,"showPopups":true,"serviceLayerID":-1,"refreshRate":-1,"refreshRateUnit":"esriTimeUnitsSeconds","blendingMode":"Alpha","allowDrapingOnIntegratedMesh":true,"dataConnection":{"type":"CIMStandardDataConnection"},"colorizer":{"type":"CIMRasterUniqueValueColorizer","resamplingType":"NearestNeighbor","fieldName":"Value","groups":[{"type":"CIMRasterUniqueValueGroup","classes":[{"type":"CIMRasterUniqueValueClass","values":["-9999"],"label":"-9999","color":{"type":"CIMRGBColor","values":[155.449999999999989,82.769999999999996,144.02000000000001,100]}},{"type":"CIMRasterUniqueValueClass","values":["0"],"label":"0","color":{"type":"CIMRGBColor","values":[120.180000000000007,241.080000000000013,95.609999999999999,100]}},{"type":"CIMRasterUniqueValueClass","values":["1551"],"label":"1551","color":{"type":"CIMRGBColor","values":[131.419999999999987,240.400000000000006,248.289999999999992,100]}},{"type":"CIMRasterUniqueValueClass","values":["1561"],"label":"1561","color":{"type":"CIMRGBColor","values":[223.66,175.860000000000014,112.66,100]}},{"type":"CIMRasterUniqueValueClass","values":["1572"],"label":"1572","color":{"type":"CIMRGBColor","values":[118.739999999999995,98.150000000000006,250.509999999999991,100]}}],"heading":"Value"}],"colorRamp":{"type":"CIMRandomHSVColorRamp","colorSpace":{"type":"CIMICCColorSpace","url":"Default RGB"},"maxH":360,"minS":33,"maxS":66,"minV":50,"maxV":99,"minAlpha":100,"maxAlpha":100}},"attributeTable":{"type":"CIMRasterTable","displayField":"Value","editable":true}}]}</LayerFile></DataProperties></Esri></metadata>
